{
  "Accuracy": 0.717486179807972,
  "Precision": 0.7146833929440801,
  "Recall": 0.717486179807972,
  "F1": 0.700607509133845
}