{
  "Accuracy": 0.7294151876636602,
  "Precision": 0.7248609039880821,
  "Recall": 0.7294151876636602,
  "F1": 0.7254031758991656,
  "AUC": 0.7747598129465936
}