{
  "Accuracy": 0.733488507419261,
  "Precision": 0.7295758782851827,
  "Recall": 0.733488507419261,
  "F1": 0.7229080675662535
}