{
  "Accuracy": 0.6444573756182718,
  "Precision": 0.6513568487112494,
  "Recall": 0.6444573756182718,
  "F1": 0.5617259746982246
}