{
  "Accuracy": 0.6357288332848414,
  "Precision": 0.7154956516613076,
  "Recall": 0.6357288332848414,
  "F1": 0.5158511864137454
}