{
  "Accuracy": 0.7169042769857433,
  "Precision": 0.7108863783565624,
  "Recall": 0.7169042769857433,
  "F1": 0.7102254635328479
}