{
  "Accuracy": 0.6575501891184172,
  "Precision": 0.6442256190771005,
  "Recall": 0.6575501891184172,
  "F1": 0.6415869756241788
}