{
  "Accuracy": 0.7029386092522548,
  "Precision": 0.7037833160874727,
  "Recall": 0.7029386092522548,
  "F1": 0.6764198716374482
}