{
  "Accuracy": 0.7035205120744835,
  "Precision": 0.7007098501789262,
  "Recall": 0.7035205120744835,
  "F1": 0.6815455985444081
}