{
  "Accuracy": 0.7122490544079139,
  "Precision": 0.7056676047900453,
  "Recall": 0.7122490544079139,
  "F1": 0.7036430514920639
}