{
  "Model": "pca",
  "Accuracy": 0.5597905149839977,
  "Precision": 0.568868782870628,
  "Recall": 0.5597905149839977,
  "F1": 0.5634446311527433,
  "CV_Mean": 0.7111842196625574,
  "CV_Std": 0.005333947896003253,
  "PCA_Components": 500,
  "Explained_Variance": 0.34046110035085464,
  "Learning_Rate": 0.01,
  "Max_Iter": 2000
}