{
  "Accuracy": 0.6188536514402095,
  "Precision": 0.3829798419008803,
  "Recall": 0.6188536514402095,
  "F1": 0.47314943084591143
}