{
  "Accuracy": 0.7009019493744545,
  "Precision": 0.6957957683123341,
  "Recall": 0.7009019493744545,
  "F1": 0.6813597102335401
}